label,sample,az_max,gyromag_mean,accmag_mean,gz_std,gyromag_max,az_mean,gz_range,gz_min
IDLE,1,-1.013,0.1271512786511729,9.365428684109098,0.0006947567780233734,0.12887978895078933,-1.037236842105263,0.0020000000000000018,0.052
IDLE,2,-0.996,0.12704513933358863,9.362859362544995,0.000706616925373556,0.12822246293064254,-1.0357631578947366,0.0020000000000000018,0.052
IDLE,3,-1.004,0.12722100667194937,9.364032027315668,0.0006994639236317114,0.12887978895078933,-1.0370263157894736,0.0020000000000000018,0.052
IDLE,4,-1.003,0.1271059992169153,9.363156771708094,0.0007004639236317114,0.12822246293064254,-1.0367631578947368,0.0020000000000000018,0.052
IDLE,5,-1.002,0.12716233882985515,9.36351682454557,0.0006994639236317114,0.12822246293064254,-1.0368157894736842,0.0020000000000000018,0.052
IDLE,6,-1.003,0.1271100134738623,9.363414379604623,0.0007004639236317114,0.12822246293064254,-1.0368157894736842,0.0020000000000000018,0.052
IDLE,7,-1.001,0.12711989709418008,9.363771659654605,0.0006994639236317114,0.12822246293064254,-1.036842105263158,0.0020000000000000018,0.052
IDLE,8,-1.003,0.1271133232457993,9.363568130839118,0.0007004639236317114,0.12822246293064254,-1.0368157894736842,0.0020000000000000018,0.052
IDLE,9,-1.003,0.1271150366939463,9.36363585552287,0.0007004639236317114,0.12822246293064254,-1.0368157894736842,0.0020000000000000018,0.052
IDLE,10,-1.003,0.12711450740530622,9.36361358069808,0.0007004639236317114,0.12822246293064254,-1.0368157894736842,0.0020000000000000018,0.052
IDLE,11,-1.003,0.12711452041690622,9.36361358069808,0.0007004639236317114,0.12822246293064254,-1.0368157894736842,0.0020000000000000018,0.052
IDLE,12,-1.003,0.12711452041690622,9.36361358069808,0.0007004639236317114,0.12822246293064254,-1.0368157894736842,0.0020000000000000018,0.052
IDLE,13,-1.003,0.12711452041690622,9.36361358069808,0.0007004639236317114,0.12822246293064254,-1.0368157894736842,0.0020000000000000018,0.052
IDLE,14,-1.003,0.12711452041690622,9.36361358069808,0.0007004639236317114,0.12822246293064254,-1.0368157894736842,0.0020000000000000018,0.052
IDLE,15,-1.003,0.12711452041690622,9.36361358069808,0.0007004639236317114,0.12822246293064254,-1.0368157894736842,0.0020000000000000018,0.052
IDLE,16,-1.003,0.12711452041690622,9.36361358069808,0.0007004639236317114,0.12822246293064254,-1.0368157894736842,0.0020000000000000018,0.052
IDLE,17,-1.003,0.12711452041690622,9.36361358069808,0.0007004639236317114,0.12822246293064254,-1.0368157894736842,0.0020000000000000018,0.052
IDLE,18,-1.003,0.12711452041690622,9.36361358069808,0.0007004639236317114,0.12822246293064254,-1.0368157894736842,0.0020000000000000018,0.052
IDLE,19,-1.003,0.12711452041690622,9.36361358069808,0.0007004639236317114,0.12822246293064254,-1.0368157894736842,0.0020000000000000018,0.052
IDLE,20,-1.003,0.12711452041690622,9.36361358069808,0.0007004639236317114,0.12822246293064254,-1.0368157894736842,0.0020000000000000018,0.052
LIFT,1,2.5,2.1,10.8,0.8,3.7,1.8,3.1,-1.5
LIFT,2,2.8,2.0,10.9,0.9,3.8,1.9,3.2,-1.6
LIFT,3,3.0,2.2,11.0,0.9,4.0,2.0,3.4,-1.7
LIFT,4,3.2,2.3,11.1,1.0,4.1,2.1,3.5,-1.8
LIFT,5,3.4,2.4,11.2,1.0,4.2,2.2,3.6,-1.9
LIFT,6,3.6,2.5,11.3,1.1,4.3,2.3,3.7,-2.0
LIFT,7,3.8,2.4,11.4,1.1,4.4,2.4,3.8,-2.1
LIFT,8,4.0,2.5,11.5,1.1,4.5,2.5,3.9,-2.2
LIFT,9,4.2,2.6,11.6,1.2,4.6,2.6,4.0,-2.3
LIFT,10,4.4,2.7,11.7,1.2,4.7,2.7,4.1,-2.4
LIFT,11,4.6,2.8,11.8,1.2,4.8,2.8,4.2,-2.5
LIFT,12,4.8,2.9,11.9,1.3,4.9,2.9,4.3,-2.6
LIFT,13,5.0,3.0,12.0,1.3,5.0,3.0,4.4,-2.7
LIFT,14,5.2,3.1,12.1,1.3,5.1,3.1,4.5,-2.8
LIFT,15,5.4,3.2,12.2,1.4,5.2,3.2,4.6,-2.9
LIFT,16,5.6,3.3,12.3,1.4,5.3,3.3,4.7,-3.0
LIFT,17,5.8,3.4,12.4,1.4,5.4,3.4,4.8,-3.1
LIFT,18,6.0,3.5,12.5,1.5,5.5,3.5,4.9,-3.2
LIFT,19,6.2,3.6,12.6,1.5,5.6,3.6,5.0,-3.3
LIFT,20,6.4,3.7,12.7,1.5,5.7,3.7,5.1,-3.4
SHAKE,1,7.0,3.2,12.5,1.8,6.0,2.5,6.5,-4.0
SHAKE,2,7.2,3.3,12.6,1.9,6.1,2.6,6.6,-4.1
SHAKE,3,7.4,3.4,12.7,1.9,6.2,2.7,6.7,-4.2
SHAKE,4,7.6,3.5,12.8,2.0,6.3,2.8,6.8,-4.3
SHAKE,5,7.8,3.6,12.9,2.0,6.4,2.9,6.9,-4.4
SHAKE,6,8.0,3.7,13.0,2.1,6.5,3.0,7.0,-4.5
SHAKE,7,8.2,3.8,13.1,2.1,6.6,3.1,7.1,-4.6
SHAKE,8,8.4,3.9,13.2,2.2,6.7,3.2,7.2,-4.7
SHAKE,9,8.6,4.0,13.3,2.2,6.8,3.3,7.3,-4.8
SHAKE,10,8.8,4.1,13.4,2.3,6.9,3.4,7.4,-4.9
SHAKE,11,9.0,4.2,13.5,2.3,7.0,3.5,7.5,-5.0
SHAKE,12,9.2,4.3,13.6,2.4,7.1,3.6,7.6,-5.1
SHAKE,13,9.4,4.4,13.7,2.4,7.2,3.7,7.7,-5.2
SHAKE,14,9.6,4.5,13.8,2.5,7.3,3.8,7.8,-5.3
SHAKE,15,9.8,4.6,13.9,2.5,7.4,3.9,7.9,-5.4
SHAKE,16,10.0,4.7,14.0,2.6,7.5,4.0,8.0,-5.5
SHAKE,17,10.2,4.8,14.1,2.6,7.6,4.1,8.1,-5.6
SHAKE,18,10.4,4.9,14.2,2.7,7.7,4.2,8.2,-5.7
SHAKE,19,10.6,5.0,14.3,2.7,7.8,4.3,8.3,-5.8
SHAKE,20,10.8,5.1,14.4,2.8,7.9,4.4,8.4,-5.9
SWING,1,14.0,5.0,14.5,2.5,9.0,4.0,10.0,-6.0
SWING,2,14.2,5.1,14.6,2.6,9.1,4.1,10.1,-6.1
SWING,3,14.4,5.2,14.7,2.7,9.2,4.2,10.2,-6.2
SWING,4,14.6,5.3,14.8,2.8,9.3,4.3,10.3,-6.3
SWING,5,14.8,5.4,14.9,2.9,9.4,4.4,10.4,-6.4
SWING,6,15.0,5.5,15.0,3.0,9.5,4.5,10.5,-6.5
SWING,7,15.2,5.6,15.1,3.1,9.6,4.6,10.6,-6.6
SWING,8,15.4,5.7,15.2,3.2,9.7,4.7,10.7,-6.7
SWING,9,15.6,5.8,15.3,3.3,9.8,4.8,10.8,-6.8
SWING,10,15.8,5.9,15.4,3.4,9.9,4.9,10.9,-6.9
SWING,11,16.0,6.0,15.5,3.5,10.0,5.0,11.0,-7.0
SWING,12,16.2,6.1,15.6,3.6,10.1,5.1,11.1,-7.1
SWING,13,16.4,6.2,15.7,3.7,10.2,5.2,11.2,-7.2
SWING,14,16.6,6.3,15.8,3.8,10.3,5.3,11.3,-7.3
SWING,15,16.8,6.4,15.9,3.9,10.4,5.4,11.4,-7.4
SWING,16,17.0,6.5,16.0,4.0,10.5,5.5,11.5,-7.5
SWING,17,17.2,6.6,16.1,4.1,10.6,5.6,11.6,-7.6
SWING,18,17.4,6.7,16.2,4.2,10.7,5.7,11.7,-7.7
SWING,19,17.6,6.8,16.3,4.3,10.8,5.8,11.8,-7.8
SWING,20,17.8,6.9,16.4,4.4,10.9,5.9,11.9,-7.9
